train_loss,val_loss,train_acc,val_acc,train_roc,val_roc,train_ap,val_ap,epoch
4.620674133300781,4.354970932006836,0.502,0.5095057034220533,0.5116909062499999,0.5005710650725036,0.5068253406396851,0.4997253796780215,1
4.474676132202148,4.32742166519165,0.504125,0.49619771863117873,0.5086625000000001,0.5127152337029593,0.5050664674745873,0.5097922577298686,2
4.076503753662109,3.9195163249969482,0.50475,0.5057034220532319,0.5071495625000001,0.5168500339747575,0.5030999024202722,0.5120175773995572,3
3.9485855102539062,4.008462905883789,0.513375,0.48098859315589354,0.5116851875,0.48779077332330967,0.5071000223154188,0.5007235072915498,4
3.7649552822113037,3.8597147464752197,0.507375,0.467680608365019,0.50897146875,0.4879208894157787,0.5049200402467582,0.49711287084414946,5
3.8185830116271973,3.532891273498535,0.521625,0.5057034220532319,0.5245553125,0.5300279026731628,0.5159688124852667,0.522300108236956,6
3.5563137531280518,3.6056268215179443,0.51675,0.5,0.52433221875,0.4988217264959736,0.5186220235845791,0.4993273738780548,7
3.4814870357513428,3.260392427444458,0.529625,0.5038022813688213,0.5375880625,0.5259798464630109,0.5256212523508464,0.5263982643126801,8
3.2856695652008057,3.201143741607666,0.519375,0.5361216730038023,0.5310237500000001,0.548504387803785,0.5226178436686437,0.5427934085928385,9
3.1057722568511963,2.9881837368011475,0.543875,0.532319391634981,0.56414296875,0.5395046914080007,0.5468813351202667,0.5277687306199972,10
3.073744535446167,3.2441446781158447,0.5425,0.5380228136882129,0.56705084375,0.5334253784209689,0.5530415948504869,0.5264295546149884,11
2.9380180835723877,2.928044557571411,0.550375,0.5532319391634981,0.57685903125,0.588175338663274,0.5615175842131701,0.5732811611496575,12
2.6892783641815186,2.577439069747925,0.566625,0.5627376425855514,0.6019556875000001,0.5871850106261476,0.580888790796748,0.5612449191396567,13
2.6289784908294678,2.7001147270202637,0.57875,0.5608365019011406,0.6230964999999999,0.5728650117827351,0.5975303678538224,0.5577470115324188,14
2.479346752166748,2.2934412956237793,0.578125,0.5836501901140685,0.6213070624999999,0.6179936098541253,0.6027061715495392,0.5961511286872128,15
2.274449110031128,2.009626865386963,0.609375,0.591254752851711,0.66953846875,0.6471179285518079,0.64874967734509,0.6211697242720967,16
2.134485960006714,1.9921718835830688,0.611875,0.5988593155893536,0.6733146249999999,0.6514334456187021,0.6466502374862877,0.6379418664002123,17
1.988316535949707,1.9519643783569336,0.613125,0.6026615969581749,0.67954328125,0.6365062383437667,0.6599774841049497,0.6044622099720777,18
1.8679983615875244,1.8014718294143677,0.615125,0.596958174904943,0.6800861250000001,0.6404386358050572,0.6607275773124037,0.6236668736755937,19
1.7369786500930786,1.7490947246551514,0.62425,0.5931558935361216,0.696386875,0.6568838641587995,0.6818489172446054,0.66833007361059,20
1.5213764905929565,1.5562230348587036,0.628375,0.6140684410646388,0.70144671875,0.6558140207318307,0.688986832808841,0.6470838254969585,21
1.3707475662231445,1.349759578704834,0.637875,0.6159695817490495,0.7110844375,0.6517948792088941,0.697943913838808,0.6404145921746676,22
1.2541972398757935,1.1423206329345703,0.613,0.5950570342205324,0.6828139062499999,0.643387933901025,0.6824235226155362,0.6259235284618092,23
1.2226500511169434,1.1464264392852783,0.625375,0.5836501901140685,0.69098521875,0.6372652488831703,0.6820789030233603,0.6402434732055754,24
1.0846730470657349,1.1043450832366943,0.615,0.5893536121673004,0.6744091875,0.6446674088103053,0.6699906186818416,0.6511902170457544,25
1.0418741703033447,0.989486038684845,0.60425,0.5741444866920152,0.65889671875,0.6231982535528922,0.6556559919870719,0.605572104049749,26
0.9554294943809509,1.0151764154434204,0.602,0.596958174904943,0.6734049687500001,0.6401278029174919,0.6697263270538578,0.628690595433324,27
0.9342400431632996,0.881052553653717,0.604375,0.591254752851711,0.66527434375,0.6258873194639217,0.6514783942446991,0.6250943637514856,28
0.8770120143890381,0.8592979311943054,0.596125,0.5893536121673004,0.6502131875,0.6413422197805374,0.6425373705034074,0.6197649057713723,29
0.8274790644645691,0.7721970677375793,0.60575,0.6083650190114068,0.6689344374999999,0.6668305165608872,0.6677839190814245,0.6661305486108358,30
0.7874716520309448,0.8098438382148743,0.611875,0.6159695817490495,0.6765909375,0.6521273981118709,0.6736502522434302,0.635635940157274,31
0.76798415184021,0.80753093957901,0.615625,0.5950570342205324,0.6919329375000001,0.645737252237274,0.6888740048625823,0.6386554863872658,32
0.7368017435073853,0.7706282734870911,0.627,0.6501901140684411,0.7076079687499999,0.7173300177825326,0.7028319439828496,0.7096004731510691,33
0.6877807378768921,0.6548164486885071,0.6485,0.6577946768060836,0.7315817499999999,0.741864129884775,0.7268780101598171,0.7526945142661281,34
0.6605983376502991,0.6734640002250671,0.6615,0.6463878326996197,0.7560719062500001,0.7282886842371584,0.7493337186350953,0.7345269198702528,35
0.6504003405570984,0.6730073094367981,0.669375,0.623574144486692,0.781929375,0.7323367404473102,0.7845531898942254,0.7178206823681181,36
0.6377662420272827,0.6902771592140198,0.67375,0.6825095057034221,0.79270009375,0.7578394945712674,0.7881925521403244,0.7378517224909441,37
0.619631826877594,0.5992218852043152,0.6935,0.7110266159695817,0.818742125,0.8185169656927236,0.8118825482700454,0.8226410840646592,38
0.6090819835662842,0.6296403408050537,0.692,0.6692015209125475,0.82644003125,0.77362691379086,0.8259617168922473,0.7645656610267575,39
0.6054632067680359,0.611931562423706,0.703,0.6825095057034221,0.84070084375,0.7952117277971346,0.8399420091723933,0.7665003236415341,40
0.5889719724655151,0.6547662019729614,0.703,0.6653992395437263,0.8457064062499999,0.8054547557431797,0.8420939115616894,0.8054676889845498,41
0.5824322700500488,0.5695899128913879,0.71475,0.6996197718631179,0.8664348125000001,0.8267431942054967,0.8598992870123829,0.8113339314675068,42
0.586249828338623,0.5607027411460876,0.72075,0.6673003802281369,0.870398625,0.7995200161922248,0.8670442424662068,0.7857327175270301,43
0.5669296979904175,0.5957180261611938,0.711625,0.6996197718631179,0.8558088749999999,0.8226228512773063,0.8502629853044477,0.8072693869777479,44
0.5557215809822083,0.5659106969833374,0.7205,0.6996197718631179,0.867634625,0.8328731078951553,0.8598514035720861,0.8233915478555253,45
0.5652570128440857,0.5575659871101379,0.718625,0.7015209125475285,0.8782401249999999,0.8193265769347539,0.8728432880128593,0.7990161387550073,46
0.5487093925476074,0.5572752952575684,0.717125,0.6901140684410646,0.86810478125,0.8288684237158265,0.8666506587891751,0.8093993723465834,47
0.5422589182853699,0.5502533316612244,0.716375,0.7091254752851711,0.8644949375,0.8517688559904004,0.8637072418608956,0.8517117548502458,48
0.5433974862098694,0.558889627456665,0.717,0.7072243346007605,0.8756146874999999,0.8455088262082725,0.8732737486911144,0.8399102316552353,49
0.5275589823722839,0.5638078451156616,0.724125,0.7072243346007605,0.8820950625000001,0.8306466769795717,0.8800293145786554,0.8208649002539671,50
0.5297588109970093,0.5646558403968811,0.7175,0.747148288973384,0.8772462812499999,0.8661539128800474,0.8766100567770239,0.8472861338821372,51
0.5318614840507507,0.5611115097999573,0.720375,0.7034220532319392,0.881903,0.8195723517760847,0.8784485962378036,0.8080487093016457,52
0.5251624584197998,0.5362280011177063,0.721375,0.7300380228136882,0.8825008125,0.8596336509129812,0.8772726225206288,0.8532200318236063,53
0.5168896913528442,0.5532252788543701,0.736125,0.7300380228136882,0.8957081874999998,0.880654628518556,0.8929656158403626,0.8707218115926878,54
0.5281655192375183,0.5709856748580933,0.7335,0.7129277566539924,0.899614,0.8829967181830011,0.8953893274313095,0.8917174181243721,55
0.5165374875068665,0.5533596277236938,0.731,0.7129277566539924,0.9014381250000001,0.8410559643771054,0.8970830205618413,0.8314173181073373,56
0.5131630301475525,0.5221349596977234,0.735375,0.7262357414448669,0.90148465625,0.8492243635154477,0.895917312560755,0.845333158294632,57
0.5092692375183105,0.5428681373596191,0.739,0.7357414448669202,0.90565165625,0.8566843528170134,0.9016294143081178,0.845847323454661,58
0.5010939836502075,0.5424661040306091,0.734375,0.7053231939163498,0.9068466249999999,0.8544868365886452,0.9012504121498164,0.8414645796227724,59
0.5063676834106445,0.5654618144035339,0.735875,0.720532319391635,0.9152382812499998,0.8720669664155909,0.9104927557860569,0.8624537685482357,60
0.5047920942306519,0.5380892157554626,0.734125,0.7395437262357415,0.91293203125,0.8701007676849456,0.9119404886811339,0.8458300627284061,61
0.5051424503326416,0.5451157689094543,0.749375,0.7319391634980988,0.92066896875,0.8674984458355621,0.9175372590751703,0.8615439103125226,62
0.502780020236969,0.5149672627449036,0.7455,0.7509505703422054,0.9228632499999998,0.8988275094334167,0.9185118422338172,0.8967312204928602,63
0.49719446897506714,0.5413006544113159,0.741375,0.7110266159695817,0.9133303125,0.871647703450968,0.9065224207511797,0.8718932207878263,64
0.5044977068901062,0.588015079498291,0.74275,0.7243346007604563,0.9183869375,0.854906099553268,0.9117800930194765,0.844704163962436,65
0.4943762421607971,0.5157092213630676,0.747875,0.7319391634980988,0.9257712812500002,0.8657491072590322,0.9235175882434857,0.8545901439176955,66
0.4956895411014557,0.5099957585334778,0.7485,0.7300380228136882,0.9242867500000002,0.8784426549465801,0.9211744505540614,0.8715465407125041,67
0.5007065534591675,0.5137341022491455,0.745,0.752851711026616,0.92766078125,0.888244733912591,0.9230560632962515,0.8750588256448993,68
0.4993410110473633,0.5191059112548828,0.742,0.7053231939163498,0.9247856875,0.8634214749381949,0.9220164958930286,0.8479707535549174,69
0.49499592185020447,0.5032455921173096,0.736875,0.7072243346007605,0.92310271875,0.8598505110670965,0.9205546959532485,0.8643985234924728,70
0.491432785987854,0.5324617624282837,0.7445,0.7490494296577946,0.9301552500000001,0.8784860269774032,0.9267977365582458,0.8655299821393079,71
0.48946526646614075,0.501606822013855,0.745625,0.7262357414448669,0.9284823750000001,0.8686839480113924,0.9238406943774404,0.858800549120066,72
0.4813958406448364,0.5365895628929138,0.748125,0.7452471482889734,0.9299883125,0.882953346152178,0.9257618210086136,0.8756667159417002,73
0.4914259910583496,0.5309544205665588,0.751875,0.7262357414448669,0.935807,0.8834015238040164,0.9311891755843139,0.8819628159262713,74
0.4854747951030731,0.5559156537055969,0.751,0.7281368821292775,0.9351198124999999,0.8756957596611199,0.9301730712026656,0.8637079687043487,75
0.476835161447525,0.5371642708778381,0.7395,0.7129277566539924,0.93091421875,0.8707658054908991,0.9256488835888735,0.8710540253073613,76
0.4708210229873657,0.5246514678001404,0.750125,0.7281368821292775,0.9349501874999999,0.8883893073486678,0.9307553098694152,0.878204469044326,77
0.481222003698349,0.530078113079071,0.74875,0.7129277566539924,0.9341315,0.8782547094796802,0.9305295517929382,0.8749634840999982,78
0.4962330460548401,0.5285770297050476,0.742625,0.7547528517110266,0.93562375,0.8842400497332619,0.9319805085355324,0.8595085796426901,79
0.4829273223876953,0.511371910572052,0.75075,0.7186311787072244,0.9389878437499999,0.8794691263427258,0.9338552260175446,0.8662071802506246,80
0.47519785165786743,0.4980725944042206,0.7475,0.7338403041825095,0.936866375,0.879917303994564,0.9324538014461555,0.8651066500393791,81
0.48213455080986023,0.5164271593093872,0.7555,0.7243346007604563,0.94112528125,0.8995503766138009,0.936682607695367,0.8901460700717507,82
0.4849183261394501,0.5395278930664062,0.746375,0.7357414448669202,0.94332253125,0.9012274284722925,0.9394640195136442,0.8959191712824044,83
0.4794824421405792,0.4972231984138489,0.754875,0.7319391634980988,0.9459387812500001,0.9035839754803453,0.94058861270032,0.9025760709167835,84
0.4837530553340912,0.5206429362297058,0.754125,0.7319391634980988,0.9450018124999999,0.9003889025430467,0.9411057526172188,0.9052009631735225,85
0.47541967034339905,0.520402729511261,0.744125,0.7338403041825095,0.939829,0.8839942748919313,0.9344899020140147,0.8823643403781194,86
0.47997862100601196,0.5248294472694397,0.747875,0.7642585551330798,0.9397823125000001,0.9020514970579306,0.9356781237314692,0.9006209463980613,87
0.4885563552379608,0.5124135613441467,0.74925,0.7281368821292775,0.94665015625,0.8813052089809019,0.9413137017108665,0.8760885540810381,88
0.47215747833251953,0.527897298336029,0.75425,0.7357414448669202,0.9479373125000001,0.8854689239399154,0.9429302692943482,0.8764491525691399,89
0.4717971980571747,0.5008794069290161,0.755875,0.7319391634980988,0.9485053750000001,0.9041622692246526,0.9454603745067647,0.9043165045901994,90
0.47561004757881165,0.5285478234291077,0.751375,0.7300380228136882,0.94909959375,0.8895169801500672,0.9469491105939813,0.8913256880869398,91
0.46566739678382874,0.5101419687271118,0.75175,0.7509505703422054,0.9518539375000001,0.9012418858159003,0.9479298482197025,0.896842369673395,92
0.4695129692554474,0.5403225421905518,0.757375,0.7756653992395437,0.9529162499999999,0.9134294264771792,0.9477113651997561,0.9063248488490843,93
0.46240857243537903,0.5120970010757446,0.75225,0.7509505703422054,0.9524021250000001,0.8996082059882318,0.946759901825763,0.8980050070963335,94
0.46718770265579224,0.5140722990036011,0.7465,0.7566539923954373,0.9496284375,0.8994636325521549,0.9453969998908184,0.8902202649173527,95
0.47478803992271423,0.500353991985321,0.755625,0.7186311787072244,0.9546834999999999,0.888880857031329,0.951623529963843,0.8700328996196381,96
0.4740373194217682,0.5109313130378723,0.75975,0.7433460076045627,0.9552186249999999,0.8984371611560091,0.9525273530914657,0.8912532808342465,97
0.45969530940055847,0.531920313835144,0.74825,0.7376425855513308,0.952742,0.8901097312379824,0.9492045243100599,0.8892447711130943,98
0.46513575315475464,0.5172761678695679,0.75575,0.7680608365019012,0.9555106562499999,0.8960661568043488,0.9508869631660007,0.8803282880424771,99
0.46274855732917786,0.5296751856803894,0.753625,0.7775665399239544,0.9599078750000001,0.9030345964232531,0.9566699666119263,0.9011785743880186,100
0.47443026304244995,0.5051640868186951,0.758875,0.7395437262357415,0.9579434687499999,0.8913386054446355,0.9529189190329341,0.8754501241185071,101
0.4638335108757019,0.4968850910663605,0.756375,0.7509505703422054,0.9577890625000001,0.8981480142838554,0.9542274121271933,0.8874013405112252,102
0.47235167026519775,0.48159000277519226,0.7525,0.7262357414448669,0.9569558125000001,0.8940276713556652,0.95306189580085,0.8909858621193929,103
0.462409108877182,0.5286727547645569,0.763625,0.720532319391635,0.9622819687500002,0.8695513886278535,0.9585776400118982,0.8603324768130733,104
0.4641575515270233,0.4908798933029175,0.75025,0.7395437262357415,0.95926203125,0.9208315864043141,0.9551535750342264,0.9274612535390563,105
0.456066757440567,0.4974762797355652,0.753,0.747148288973384,0.9618661875000001,0.9002009570761468,0.9607889476139512,0.8966821051076702,106
0.4543326497077942,0.4879886507987976,0.754,0.7186311787072244,0.958551625,0.9065477309199208,0.9532807992253647,0.9069827668235348,107
0.4707770049571991,0.5308091640472412,0.7555,0.720532319391635,0.9632461875,0.8961673582096026,0.9625993192676857,0.880462649038645,108
0.46118786931037903,0.5421663522720337,0.75425,0.7414448669201521,0.964981,0.9053188567132675,0.9621896441984724,0.8992442282559245,109
0.4584311842918396,0.5105487704277039,0.751,0.7509505703422054,0.9621685625,0.8997961514551316,0.9593347281338653,0.8940128262338722,110
0.4571599066257477,0.508948802947998,0.751375,0.7452471482889734,0.9636659375,0.8936228657346499,0.9602694984050517,0.8756950737577553,111
0.460214227437973,0.516871988773346,0.756625,0.7490494296577946,0.9695119999999999,0.9008226228512775,0.9663737328121249,0.8881886748443462,112
0.4516691267490387,0.5169387459754944,0.755875,0.7452471482889734,0.9671238125,0.9081091240295509,0.9638447830603224,0.906188108721095,113
0.4559575915336609,0.5164774060249329,0.76325,0.7414448669201521,0.9672390624999999,0.9179834897136,0.9646542504942948,0.9216861639188951,114
0.45928674936294556,0.5322157144546509,0.757875,0.7300380228136882,0.9674443750000001,0.8952131735314954,0.9646056259078883,0.8959284356202847,115
0.4514075219631195,0.49205896258354187,0.752375,0.747148288973384,0.966951125,0.9086006737122121,0.9644791954556261,0.9023773858646198,116
0.4625221788883209,0.48360732197761536,0.756375,0.7376425855513308,0.96592578125,0.9035550607931297,0.9624881852097349,0.9078546317987807,117
0.45336204767227173,0.503555417060852,0.7595,0.7224334600760456,0.9657642812499998,0.8909771718544435,0.9612665091085706,0.8907421505317049,118
0.46096789836883545,0.5063944458961487,0.74825,0.7376425855513308,0.9670461874999999,0.9086006737122121,0.9654649130376093,0.9071050049261927,119
0.45525693893432617,0.5395152568817139,0.751,0.7281368821292775,0.967694,0.8968323960155561,0.9621991664754341,0.893511338655819,120
0.4565965235233307,0.4828971028327942,0.75225,0.7186311787072244,0.96758865625,0.9042056412554758,0.9627459641008578,0.90300571631353,121
0.460774689912796,0.49887216091156006,0.75275,0.7376425855513308,0.9682748125000001,0.9092946262053809,0.964224231766944,0.9154808676068613,122
0.4577825665473938,0.48705971240997314,0.751125,0.7319391634980988,0.968499875,0.8985528199048707,0.9621368006682691,0.9020387340043071,123
0.45399153232574463,0.518255889415741,0.760125,0.7300380228136882,0.9737352500000002,0.9079356359062587,0.9721632787002781,0.9140412474622842,124
0.4524144232273102,0.4795171618461609,0.755625,0.7509505703422054,0.9702236875,0.9065043588890976,0.9663870199348734,0.9009240205738456,125
0.4615650475025177,0.48725852370262146,0.750375,0.7129277566539924,0.9704592500000001,0.9296939380358253,0.9661541949052989,0.9325198520363077,126
0.45496833324432373,0.510985255241394,0.753875,0.7414448669201521,0.9756903750000001,0.9138631467854097,0.972768469730098,0.9185674771969577,127
0.45327281951904297,0.5292543172836304,0.7535,0.752851711026616,0.9729091249999999,0.9030635111104686,0.969582866094353,0.9035035287398674,128
0.4472202956676483,0.47865402698516846,0.758875,0.7357414448669202,0.9737932499999999,0.9086295883994274,0.9704586250145714,0.8887899470685605,129
0.45402348041534424,0.46352291107177734,0.763125,0.7642585551330798,0.9737657812499999,0.9278578553976492,0.9707336690025441,0.9182878892031338,130
0.4536615014076233,0.507114589214325,0.754,0.7452471482889734,0.9751063125000001,0.9186629848631611,0.9724875491202725,0.9246747651946715,131
0.45628440380096436,0.48526036739349365,0.753875,0.7376425855513308,0.9745050625,0.8989431681822783,0.9714061667424077,0.8855829403851447,132
0.44607627391815186,0.5072788000106812,0.75375,0.7281368821292775,0.9750801250000001,0.9120270641472336,0.9720524865806307,0.9101441092962537,133
0.44188281893730164,0.5055270791053772,0.76025,0.714828897338403,0.9754983125,0.9203978660960835,0.9715469975288197,0.9195305259667007,134
0.4518626630306244,0.4994131326675415,0.752625,0.720532319391635,0.9740091875,0.894490306351111,0.9698479772414274,0.8922633137812183,135
0.4510807991027832,0.5014286637306213,0.76125,0.7414448669201521,0.9783483749999999,0.9258771993233963,0.9757049759351598,0.9279280448467033,136
0.4454747438430786,0.5257895588874817,0.75825,0.714828897338403,0.978187625,0.9025864187714149,0.9755110023257011,0.9052089229373956,137
0.4463158845901489,0.5051737427711487,0.756375,0.752851711026616,0.9775195625,0.9187786436120228,0.9743128038017834,0.9220359455286208,138
0.4521176218986511,0.5193167924880981,0.75125,0.7243346007604563,0.9783119375000001,0.91486070349434,0.9750791736544197,0.9018574604821818,139
0.4432334303855896,0.49762994050979614,0.757625,0.7433460076045627,0.9776815,0.9211351906200754,0.9731861282136113,0.9223891389254104,140
0.4414285123348236,0.49436044692993164,0.757,0.7623574144486692,0.9799101875,0.921164105307291,0.9773134783510417,0.9218887296178514,141
0.43953800201416016,0.4917862117290497,0.758,0.7224334600760456,0.9788706250000001,0.8913819774754586,0.976585920874892,0.888699431057389,142
0.4455958604812622,0.4937271177768707,0.7575,0.714828897338403,0.9802451250000002,0.9219303445184981,0.9767014318709829,0.9237115797990685,143
0.4430150091648102,0.5118522644042969,0.763625,0.7243346007604563,0.978870125,0.8914398068498894,0.9754805715628321,0.8874398526632302,144
0.44660690426826477,0.5114400386810303,0.75875,0.7680608365019012,0.9783468749999998,0.9162486084806778,0.9755368909843226,0.9032216037381362,145
0.4469101130962372,0.4869917333126068,0.7585,0.7376425855513308,0.9817534375000001,0.9206725556246296,0.9791303889111587,0.9223794934146818,146
0.45397651195526123,0.5101978778839111,0.756375,0.7433460076045627,0.9812721875,0.9126487299223641,0.9769168427444802,0.9197312554322903,147
0.4453207850456238,0.4858938157558441,0.75175,0.7509505703422054,0.9786874375000001,0.9214966242102676,0.9758134493399856,0.9239084355261595,148
0.4398406744003296,0.5123753547668457,0.759125,0.7566539923954373,0.98052934375,0.9293035897584178,0.9776487076667497,0.9313110025898326,149
0.44386589527130127,0.4931522309780121,0.754,0.7281368821292775,0.9806623437499999,0.925848284636181,0.9767698735066322,0.9337637067853848,150
0.4402570128440857,0.4937112331390381,0.75675,0.7414448669201521,0.98097628125,0.9171160490971388,0.9770905902481593,0.9089688105395233,151
0.43752896785736084,0.5078434944152832,0.75575,0.7452471482889734,0.9823059375000001,0.9065911029507439,0.9806259424061013,0.899506925946945,152
0.4311497211456299,0.46858155727386475,0.751125,0.752851711026616,0.9809833124999999,0.9340600558053463,0.9772156960883727,0.9415249066764816,153
0.4450327157974243,0.4888648986816406,0.7585,0.7319391634980988,0.9817445625,0.8923072474663506,0.9780910090855603,0.883488001056338,154
0.44494011998176575,0.49513527750968933,0.756875,0.7300380228136882,0.9845909999999999,0.900287701137793,0.9817670049845878,0.9026788673909436,155
0.435818076133728,0.5144627094268799,0.761125,0.7509505703422054,0.9839630624999999,0.9067645910740361,0.9820620149745267,0.9027141767387337,156
0.43816184997558594,0.4773651957511902,0.757375,0.7509505703422054,0.9844918125000001,0.9196894562593069,0.9804782556628394,0.9275800343599477,157
0.4448992908000946,0.4905930757522583,0.756625,0.7300380228136882,0.983907,0.9017045208113461,0.9815901798051438,0.8977361683423173,158
0.4428030252456665,0.4832466244697571,0.757625,0.7395437262357415,0.9849936249999999,0.9173184519076464,0.9830725229551168,0.9188483356808119,159
0.44178590178489685,0.49540975689888,0.76175,0.7224334600760456,0.9861815625,0.9111451661871648,0.9833049847260705,0.9186947560580554,160
0.44577842950820923,0.5148560404777527,0.753125,0.7281368821292775,0.983740625,0.9048706790614293,0.9802056494455094,0.892292546465946,161
0.4398691654205322,0.47989657521247864,0.759875,0.7281368821292775,0.9854426875,0.9076464890341049,0.9829518663436951,0.9098314385782119,162
0.43497151136398315,0.5015881061553955,0.75125,0.747148288973384,0.9849764375,0.9194870534487993,0.9823446443688101,0.9273327377969451,163
0.446200966835022,0.48427143692970276,0.7505,0.720532319391635,0.9844430000000001,0.9103789269759575,0.9815626108525995,0.8985576676285835,164
0.443350225687027,0.5474668741226196,0.753,0.7376425855513308,0.9854287500000001,0.9033237432954069,0.9829902479156939,0.8944374766582276,165
0.4420933425426483,0.5081983804702759,0.747625,0.7281368821292775,0.9823464375000001,0.9088319912099353,0.979617282060802,0.9136301630792069,166
0.44216611981391907,0.499531090259552,0.75775,0.7300380228136882,0.9842273125,0.9137764027237636,0.9815954019658764,0.9168362324466961,167
0.4296348989009857,0.5080984234809875,0.756875,0.7357414448669202,0.9856788125,0.9183304659601845,0.9817884202806567,0.9256939250808649,168
0.4414503276348114,0.5263779759407043,0.755375,0.7281368821292775,0.9854974375000001,0.9116800879006491,0.982720931246061,0.9132274810958397,169
0.4377659261226654,0.5403575897216797,0.750125,0.7129277566539924,0.9847156875,0.9115065997773569,0.9817257635100186,0.9138617907910951,170
0.43963149189949036,0.4978143274784088,0.7475,0.714828897338403,0.9860997499999999,0.9161184923882087,0.9839862872596737,0.9136851927279793,171
0.42808887362480164,0.49113231897354126,0.75275,0.7262357414448669,0.9862871874999999,0.9089476499587966,0.9836046930528616,0.9127197610692429,172
0.4367051124572754,0.4829674959182739,0.758125,0.7737642585551331,0.9854538749999999,0.9142968670936402,0.9823468297797475,0.9065155311837652,173
0.4320570230484009,0.4901318848133087,0.757,0.7319391634980988,0.9875437499999999,0.9204556954705142,0.9851517683163872,0.9199783932388709,174
0.4358593225479126,0.466374933719635,0.7585,0.7737642585551331,0.9874636250000001,0.9201376339111451,0.9854675573891853,0.9198767911351766,175
0.43654677271842957,0.49711185693740845,0.756125,0.7338403041825095,0.986956,0.8955312350908644,0.9841578624618825,0.8898188243779015,176
0.431440532207489,0.48560631275177,0.7625,0.747148288973384,0.9886714375000001,0.9163931819167547,0.9862089022720315,0.9123515926305344,177
0.4351268410682678,0.4792983829975128,0.75525,0.7623574144486692,0.98604546875,0.9218725151440674,0.9830101328393743,0.9210647986345324,178
0.43133947253227234,0.476413756608963,0.758375,0.7756653992395437,0.9852114375000001,0.9283638624239182,0.9812270098668254,0.932109261768812,179
0.4317147433757782,0.4664819836616516,0.753125,0.7338403041825095,0.9862250625000002,0.9110728794691263,0.9829700274854395,0.9089187609291145,180
0.43149250745773315,0.509920060634613,0.76225,0.7718631178707225,0.9886282500000001,0.932050485043878,0.9864132628851988,0.9377375032537475,181
0.4339670240879059,0.4668785631656647,0.765875,0.7642585551330798,0.9883865625000001,0.920744842342668,0.9860572757100217,0.9163684852369957,182
0.43140798807144165,0.4691193103790283,0.757875,0.7452471482889734,0.9867461562500001,0.9218291431132445,0.983476796421198,0.9212885744583732,183
0.4281042218208313,0.5538285374641418,0.757,0.7490494296577946,0.9873294375,0.9168413595685929,0.9841049986537922,0.918867813859654,184
0.42499104142189026,0.4911437928676605,0.76175,0.7509505703422054,0.9885461874999999,0.9285807225780334,0.9845744561251202,0.934850670365765,185
0.4318705201148987,0.48824599385261536,0.75525,0.7604562737642585,0.987979,0.9183449233037921,0.9845492844681327,0.921996356747397,186
0.4305500388145447,0.4981800317764282,0.75475,0.7490494296577946,0.9890104375,0.9197834289927569,0.9864642285575581,0.9230799640273613,187
0.42490676045417786,0.5159597992897034,0.758625,0.7224334600760456,0.9878964375000001,0.9079934652806894,0.9837080142475048,0.9162748317452849,188
0.43269166350364685,0.4884618818759918,0.757625,0.7338403041825095,0.98843721875,0.9324697480085009,0.9861834120620724,0.9375826213418826,189
0.42572373151779175,0.500299334526062,0.75975,0.752851711026616,0.9899223124999998,0.9183738379910075,0.988126897772641,0.9243875631579812,190
0.4294133484363556,0.5085373520851135,0.75475,0.7509505703422054,0.9894356874999999,0.923318249504836,0.9860216450683105,0.9337161941535675,191
0.4192246198654175,0.5055839419364929,0.754125,0.7718631178707225,0.9884781249999999,0.9256169671384579,0.9845826064001928,0.926350100855867,192
0.431209534406662,0.499627947807312,0.754875,0.7395437262357415,0.9904618124999999,0.9352166432939611,0.9875287687393111,0.9439104905404596,193
0.43207624554634094,0.5009945034980774,0.75625,0.7300380228136882,0.989773,0.9173184519076465,0.9873076872444541,0.9251775227081928,194
0.42799893021583557,0.5047692656517029,0.754125,0.7186311787072244,0.9901685625,0.9013864592519769,0.9868347416920332,0.9092150643845915,195
0.4255887567996979,0.5170908570289612,0.75375,0.714828897338403,0.989143,0.8995214619265856,0.9858263602697952,0.9055120894273572,196
0.43051812052726746,0.46093258261680603,0.7585,0.7414448669201521,0.9919893124999999,0.9109138486894418,0.9897681397063728,0.9140839417904549,197
0.43459704518318176,0.506731390953064,0.75725,0.747148288973384,0.99020125,0.9014587459700154,0.9866543387208403,0.8984296304693412,198
0.42891013622283936,0.48648351430892944,0.763,0.7395437262357415,0.9919009375,0.9179401176827771,0.989576332075657,0.9172999394079906,199
0.43436163663864136,0.4986639618873596,0.75025,0.7338403041825095,0.9914471562500001,0.9151064783356705,0.9895256017472978,0.92095581802027,200
0.4119771122932434,0.49845629930496216,0.762375,0.7053231939163498,0.990782,0.9030779684540764,0.9866734383482199,0.9129900797250236,201
0.4296823740005493,0.5072343349456787,0.758,0.7566539923954373,0.9895811875,0.9268169266578958,0.987312176861052,0.9327998293738173,202
0.42364972829818726,0.4849962592124939,0.7525,0.7509505703422054,0.989117375,0.9220460032673596,0.9863814129834896,0.9255935646291575,203
0.42555901408195496,0.49167343974113464,0.752125,0.7376425855513308,0.990043,0.9320215703566627,0.9865087666355522,0.9360882141475817,204
0.4285435378551483,0.5088664293289185,0.7575,0.7737642585551331,0.9912061249999999,0.9296794806922176,0.9892871518053541,0.9321632137735517,205
0.4228466749191284,0.509183406829834,0.756625,0.7395437262357415,0.9913150624999999,0.9180557764316384,0.9888299169569338,0.9254765767159985,206
0.42633458971977234,0.5050737261772156,0.761,0.7319391634980988,0.9902799999999999,0.9189955037661379,0.987333812684787,0.9354850813391926,207
0.42412158846855164,0.47231125831604004,0.759875,0.7338403041825095,0.99244559375,0.9020225823707152,0.9907237983091942,0.89468959782062,208
0.4243302345275879,0.5087668299674988,0.765,0.7509505703422054,0.9926288125,0.9175931414361925,0.9914083117875195,0.9224248302668108,209
0.4231419563293457,0.5057497620582581,0.76375,0.7281368821292775,0.9916744375000001,0.9261518888519423,0.9885344309177078,0.9361929141208987,210
0.4218103587627411,0.48689091205596924,0.76125,0.7509505703422054,0.99233475,0.92460495308592,0.9901974710746156,0.9238950820994613,211
0.4185710549354553,0.48920780420303345,0.757625,0.785171102661597,0.9916716250000002,0.934855209703769,0.9903294401690189,0.9420136487764657,212
0.422646164894104,0.5129886269569397,0.75075,0.7623574144486692,0.991975375,0.9208460437479218,0.9898114676644186,0.9153605767545402,213
0.4211549162864685,0.48068612813949585,0.760125,0.7395437262357415,0.991339,0.9212363920253294,0.9880032486732314,0.9284527901788764,214
0.4265464246273041,0.5052363872528076,0.758875,0.7661596958174905,0.9917261875,0.9407248912084893,0.9879575276547242,0.9431018552830925,215
0.426033616065979,0.4950607419013977,0.75225,0.7414448669201521,0.9909397500000001,0.9130101635125561,0.9872822272332517,0.9103690860064702,216
0.4279346466064453,0.4970187246799469,0.75925,0.7281368821292775,0.9926448125000003,0.9220460032673596,0.9914015277816306,0.9327935474042436,217
0.43010157346725464,0.5106925964355469,0.752125,0.7243346007604563,0.992636875,0.9154823692694704,0.9907705645248783,0.9265336327903142,218
0.42913809418678284,0.5021137595176697,0.75075,0.7376425855513308,0.990007125,0.9183304659601845,0.9873316148443966,0.9224713254375977,219
0.41828179359436035,0.4749903082847595,0.756625,0.7509505703422054,0.99208275,0.9191979065766456,0.9887918533997386,0.9257809907784076,220
0.4217788875102997,0.49869173765182495,0.751875,0.7319391634980988,0.9925803125000001,0.9165955847272622,0.9904713917858687,0.9231100232496648,221
0.42623355984687805,0.5233748555183411,0.7525,0.7756653992395437,0.991922125,0.9324842053521087,0.9890417019112039,0.9411671926528374,222
0.41398435831069946,0.47355568408966064,0.7595,0.7281368821292775,0.99254725,0.9255157657332042,0.9904443030290182,0.9310684980192179,223
0.42711547017097473,0.4755428433418274,0.747625,0.7566539923954373,0.9917850625,0.9278867700848646,0.9885468639137749,0.933840013070423,224
0.4259664714336395,0.5103811025619507,0.757375,0.7547528517110266,0.9916885,0.9251398747994044,0.9886734599744835,0.9345893257024016,225
0.42096200585365295,0.5189944505691528,0.750625,0.7186311787072244,0.9924081875,0.9095837730775348,0.9905758970748776,0.9103690622816586,226
0.42718827724456787,0.4734496474266052,0.751375,0.752851711026616,0.9925021875,0.9298240541282945,0.9899957397268503,0.933983807779816,227
0.4222813844680786,0.492775559425354,0.753625,0.7300380228136882,0.9913888750000001,0.9381948560771444,0.9881235856792087,0.9459456991589715,228
0.4173887073993683,0.48516207933425903,0.755625,0.7490494296577946,0.9929956874999999,0.9276554525871418,0.9904942188492909,0.9369494833078356,229
0.42998531460762024,0.49211257696151733,0.75525,0.7110266159695817,0.99231846875,0.9172606225332157,0.9895658025440119,0.924912716602284,230
0.4247421622276306,0.4730431139469147,0.7485,0.7585551330798479,0.99135765625,0.92616634619555,0.9887648972429607,0.9146545634806409,231
0.41420069336891174,0.49081099033355713,0.762,0.7452471482889734,0.9921811250000001,0.9338865676820541,0.9895402425775056,0.9418995018144887,232
0.41899043321609497,0.5161226987838745,0.758375,0.7338403041825095,0.99195275,0.9152365944281398,0.9884774255292739,0.9154903566793213,233
0.4239535331726074,0.48210832476615906,0.763375,0.7490494296577946,0.992170625,0.9281180875825875,0.9898313419225703,0.9360867892317893,234
0.4197622537612915,0.5106452107429504,0.7565,0.7338403041825095,0.9918170624999998,0.918908759704492,0.9887748111759407,0.9255376392518376,235
0.42113175988197327,0.4834725856781006,0.764,0.720532319391635,0.99286425,0.9249663866761121,0.990139803843415,0.92632150894123,236
0.4176104962825775,0.4960603713989258,0.7555,0.7395437262357415,0.9922152499999999,0.9207882143734911,0.9890906195532098,0.9286807707504966,237
0.4230400621891022,0.4614255726337433,0.75775,0.7433460076045627,0.9948240000000002,0.924518209024274,0.9925140493631902,0.9242133416561933,238
0.420545756816864,0.4825931191444397,0.75925,0.7452471482889734,0.9919166875000001,0.9224941809191979,0.9882871927425962,0.931211463632649,239
0.4197408854961395,0.4802418351173401,0.7655,0.7680608365019012,0.9930986562500002,0.9352021859503534,0.990803321261341,0.9366137344564796,240
0.42219704389572144,0.4875885546207428,0.75825,0.779467680608365,0.9941568125000001,0.9292602177275947,0.9924054618344762,0.936407520688886,241
0.4181334972381592,0.4936158061027527,0.756125,0.7072243346007605,0.9936853750000001,0.9228411571657824,0.9924025638476147,0.9285239351138578,242
0.4198001027107239,0.5011429786682129,0.762125,0.7566539923954373,0.99434075,0.9317035087972936,0.9932330497907468,0.9359371734398757,243
0.4194764792919159,0.4983282685279846,0.762625,0.7490494296577946,0.99370303125,0.9219448018621059,0.9907776800858201,0.9226921392807923,244
0.4215223789215088,0.4773421287536621,0.75625,0.7262357414448669,0.9933948125,0.9166534141016929,0.9900890254242334,0.9251404022328499,245
0.4157818555831909,0.4700523912906647,0.767,0.7642585551330798,0.9920193125000001,0.9431826396217958,0.9898957997719399,0.9480293713344055,246
0.4191996157169342,0.5038910508155823,0.7615,0.7395437262357415,0.9943642812500001,0.9287975827321489,0.9907800005133056,0.9395399039549972,247
0.4196859896183014,0.5157087445259094,0.75875,0.7680608365019012,0.993714875,0.9348407523601613,0.9916636528114003,0.9378819559667851,248
0.4196905195713043,0.4731466472148895,0.762375,0.7376425855513308,0.9944378125000001,0.9289132414810103,0.9927813797713603,0.9331117579230006,249
0.4175651967525482,0.4861428737640381,0.756875,0.7338403041825095,0.9948775,0.9183304659601843,0.9938798534037288,0.9238056898391734,250
0.424869179725647,0.4899822771549225,0.754625,0.7376425855513308,0.9943232500000001,0.9150486489612398,0.9930246450154059,0.9155471329800063,251
0.4197778105735779,0.49580490589141846,0.758,0.7433460076045627,0.994057625,0.9269325854067574,0.9926979775002862,0.93611429908036,252
0.4106307029724121,0.5093393921852112,0.76125,0.7623574144486692,0.9942251875000001,0.9238242565311049,0.9924803288433299,0.9297186464310276,253
0.4153761863708496,0.502926766872406,0.751,0.7281368821292775,0.99316175,0.9185184114270845,0.9914772614688621,0.9163795443899972,254
0.41351163387298584,0.48227664828300476,0.754875,0.7357414448669202,0.9944279374999999,0.9218291431132444,0.9933635800534725,0.9286788527389337,255
0.4252512753009796,0.503748893737793,0.762375,0.7642585551330798,0.9939074375000001,0.9281325449261952,0.9918824529582517,0.9277453270272018,256
0.4112117290496826,0.4761919379234314,0.755375,0.7338403041825095,0.99350796875,0.9301999450620942,0.991652107693237,0.9319818791305357,257
0.4194680452346802,0.4895292818546295,0.757625,0.7509505703422054,0.9948812499999999,0.9318769969205858,0.9925420078815446,0.940509585528705,258
0.4151419401168823,0.46300140023231506,0.765125,0.7452471482889734,0.99393540625,0.9150920209920629,0.9916973096389072,0.9102422178830042,259
0.4186969995498657,0.49878692626953125,0.754125,0.7319391634980988,0.99471375,0.9324263759776779,0.9934776561419263,0.9433312653748185,260
0.41373807191848755,0.4918234646320343,0.7565,0.7338403041825095,0.9955641249999999,0.9299107981899406,0.9944068770710508,0.9364002217503347,261
0.4209073483943939,0.49694329500198364,0.755875,0.7319391634980988,0.99437625,0.9225303242782171,0.992459320169079,0.9147667121716343,262
0.41895896196365356,0.4932589530944824,0.75675,0.7414448669201521,0.99369734375,0.9254145643279504,0.991274672413981,0.9263501387142304,263
0.4196224808692932,0.4974430799484253,0.75025,0.7585551330798479,0.9951138749999998,0.9303445184981712,0.9936469051382245,0.9273911663849878,264
0.41581255197525024,0.4855588376522064,0.751875,0.7300380228136882,0.9940119374999999,0.921800228426029,0.9915761165098298,0.9267794654790428,265
0.4187448024749756,0.47889119386672974,0.7555,0.7623574144486692,0.9943505625,0.9283060330494876,0.9922587480414424,0.9270231008576465,266
0.41572606563568115,0.47516942024230957,0.753125,0.7129277566539924,0.9939781249999999,0.920744842342668,0.9912601985182184,0.929938186399258,267
0.41164445877075195,0.4625025987625122,0.7595,0.7585551330798479,0.9948928125,0.9319492836386243,0.9933765078880394,0.9344486216706563,268
0.41696733236312866,0.48909610509872437,0.75675,0.7433460076045627,0.99285625,0.9158582602032702,0.9899160860211166,0.9226631905906607,269
0.4200800657272339,0.4537526071071625,0.753,0.7452471482889734,0.9938728124999999,0.9314143619251398,0.9884115094251437,0.938287203016148,270
0.4207821488380432,0.47786083817481995,0.755875,0.7414448669201521,0.9942201875,0.9172461651896081,0.9918744814165698,0.9061015514212369,271
0.41792958974838257,0.4629763066768646,0.75325,0.7433460076045627,0.9936208125,0.9261952608827654,0.9898124352717256,0.9296835632061069,272
0.4170511066913605,0.4895024597644806,0.756875,0.7167300380228137,0.99451175,0.9177088001850541,0.9930954191055291,0.9063596072557396,273
0.4180995523929596,0.48816755414009094,0.753375,0.7243346007604563,0.9926140625000002,0.923318249504836,0.9894402244481759,0.9247279553647894,274
0.41992324590682983,0.4913407564163208,0.751875,0.7129277566539924,0.9933383124999998,0.9238531712183203,0.9894878810412697,0.930827047309977,275
0.41378992795944214,0.49754711985588074,0.75625,0.7414448669201521,0.9957852499999998,0.9243447209009816,0.9949904524840381,0.931494160101341,276
0.41635048389434814,0.4829517900943756,0.7565,0.7737642585551331,0.995089,0.937934623892206,0.993628170257376,0.9430608049695322,277
0.4217689335346222,0.47751811146736145,0.753625,0.7490494296577946,0.9956071249999999,0.9391056687244286,0.9938223906694041,0.9406931500855494,278
0.4165046215057373,0.49750667810440063,0.75475,0.7357414448669202,0.9947350624999999,0.9299107981899406,0.9930989135877641,0.9360624273348636,279
0.41589945554733276,0.47445157170295715,0.763625,0.7224334600760456,0.9939622499999998,0.9136896586621174,0.9917100318631094,0.9196195203571564,280
0.4179554879665375,0.47596320509910583,0.758375,0.7414448669201521,0.99476346875,0.932744437537047,0.9923292070239986,0.9431586583239521,281
0.41688382625579834,0.4916490614414215,0.761625,0.7395437262357415,0.9950471249999999,0.923824256531105,0.9923082180558107,0.9218644018084352,282
0.42556384205818176,0.4865161180496216,0.75725,0.7585551330798479,0.9949564999999999,0.9319926556694473,0.9935308702777936,0.9391456280275753,283
0.4203263521194458,0.4751133322715759,0.7665,0.7319391634980988,0.9966816874999999,0.9217568563952059,0.9958267862669389,0.9260299170046769,284
0.41329923272132874,0.4657231867313385,0.76325,0.7338403041825095,0.9948610625000001,0.9395393890326591,0.9931420703180965,0.9478239998660377,285
0.40873652696609497,0.47393539547920227,0.762375,0.7490494296577946,0.9947765000000001,0.9368214084344143,0.9925975247241777,0.9452259772155295,286
0.4116552770137787,0.4988918900489807,0.753625,0.7281368821292775,0.9942208124999999,0.9302722317801327,0.9922261782118377,0.9420933312462443,287
0.4182087481021881,0.4481922686100006,0.75775,0.7452471482889734,0.995060125,0.9200508898494991,0.9929979842001327,0.9199795845964283,288
0.406597763299942,0.5043521523475647,0.761625,0.7490494296577946,0.9956744375,0.9403490002746895,0.9943946328351343,0.944641914664498,289
0.41002190113067627,0.5040522217750549,0.75675,0.7414448669201521,0.99601225,0.9261085168211192,0.9945223752343854,0.9285836831927097,290
0.4140342175960541,0.4629388451576233,0.7585,0.7395437262357415,0.9958841874999999,0.9388743512267056,0.9949934467177128,0.9416129488023806,291
0.4120756685733795,0.5140290260314941,0.7675,0.7357414448669202,0.99470971875,0.9219448018621059,0.9921407639214466,0.9259965173840847,292
0.41398516297340393,0.49012112617492676,0.755625,0.7490494296577946,0.9946504375,0.9347973803293383,0.9915115185209353,0.9429456007922916,293
0.4139898717403412,0.48178914189338684,0.7565,0.7737642585551331,0.9967141250000001,0.9382816001387905,0.9961897279556282,0.9370861811850387,294
0.4111436605453491,0.45731598138809204,0.75775,0.7433460076045627,0.9943676874999999,0.9220604606109672,0.9918084046908371,0.9190413224635192,295
0.41617313027381897,0.47697770595550537,0.75375,0.7338403041825095,0.9953543750000001,0.9182870939293615,0.9934894399975391,0.9080534498527659,296
0.4082307517528534,0.4918275773525238,0.75725,0.7547528517110266,0.995439875,0.9328022669114777,0.9931868467837278,0.9327040622914597,297
0.4089525640010834,0.46844610571861267,0.758875,0.7433460076045627,0.99555271875,0.9365900909366913,0.9938404990677481,0.9447795283145799,298
0.41169941425323486,0.48616158962249756,0.755375,0.7376425855513308,0.99519,0.9348696670473767,0.9933299311579834,0.9419068584688017,299
0.40903469920158386,0.49770620465278625,0.76,0.7452471482889734,0.9939823125000001,0.9314143619251398,0.99185178970934,0.9379308159581846,300
0.40819573402404785,0.49818819761276245,0.757875,0.6958174904942965,0.9945470625,0.9217857710824213,0.9924861675663734,0.9314517854786099,301
0.4106319546699524,0.46985387802124023,0.76175,0.7395437262357415,0.994777,0.9207592996862758,0.9924255713725815,0.9248333228591682,302
0.41464754939079285,0.49682047963142395,0.756,0.7281368821292775,0.9958243125,0.9226676690424901,0.9939608996584869,0.9321439478695469,303
0.4168113172054291,0.46131736040115356,0.7565,0.7281368821292775,0.9942601875,0.919819572351776,0.9914066996753194,0.9317983675188335,304
0.40795478224754333,0.4954793155193329,0.753375,0.7718631178707225,0.99617275,0.9393948155965822,0.9954509068551802,0.9488976754574083,305
0.4136851727962494,0.4875352680683136,0.7595,0.7110266159695817,0.994898625,0.9004178172302622,0.9929906998174977,0.9055022363228882,306
0.4066600203514099,0.4917346239089966,0.76225,0.7319391634980988,0.9961365624999999,0.930301146467348,0.9945422432212663,0.9422857006238595,307
0.4124528169631958,0.47258269786834717,0.75425,0.720532319391635,0.9954924999999999,0.9181714351805,0.9939409413580389,0.928325373455894,308
0.40670856833457947,0.4912452697753906,0.761,0.7319391634980988,0.995492625,0.9284795211727797,0.9930780006493302,0.9398362109337854,309
0.4083656072616577,0.48640742897987366,0.759,0.7300380228136882,0.9946680937500002,0.9299252555335482,0.9909196006675803,0.9398385329139313,310
0.4099883437156677,0.47958701848983765,0.755375,0.7509505703422054,0.9958946249999998,0.9292746750712024,0.9947541149230519,0.9359426753608416,311
0.4081961512565613,0.5047157406806946,0.763625,0.7357414448669202,0.995308875,0.9319203689514088,0.9927921295534572,0.9386696822006535,312
0.41985252499580383,0.4835793673992157,0.7575,0.7319391634980988,0.9954696875000001,0.9218146857696365,0.9925904335195255,0.9242398353089736,313
0.40908101201057434,0.4773156940937042,0.759,0.7452471482889734,0.9955337187500001,0.921337593430583,0.9917702868014233,0.9257436650646325,314
0.41023167967796326,0.4946646988391876,0.75925,0.7338403041825095,0.9956951875000001,0.9330769564400238,0.9937478857649049,0.9442599177989468,315
0.41289079189300537,0.4961337745189667,0.764375,0.7243346007604563,0.9972288125,0.9284506064855642,0.9964344100338042,0.9365524170408084,316
0.41043055057525635,0.47835779190063477,0.75975,0.7338403041825095,0.9958108124999997,0.9310673856785554,0.9932968889337324,0.9390579461832995,317
0.40925413370132446,0.5030118227005005,0.759125,0.7376425855513308,0.996388875,0.9155546559875087,0.9944209806321017,0.9242089673571314,318
0.40880274772644043,0.47735071182250977,0.753125,0.7737642585551331,0.9973088124999999,0.9393369862221516,0.996817449195617,0.9439606422714283,319
0.40149569511413574,0.5006948709487915,0.757625,0.7091254752851711,0.9961025312500001,0.9168991889430237,0.9944482986726146,0.924520549378029,320
0.41000261902809143,0.4675581455230713,0.76875,0.7300380228136882,0.9964294999999999,0.9228266998221747,0.9950673909761176,0.9301091185864214,321
0.4082726836204529,0.4744683802127838,0.75725,0.7167300380228137,0.9964725000000001,0.9166389567580854,0.9951626774585933,0.9229825707077884,322
0.4088590741157532,0.49091944098472595,0.75625,0.7243346007604563,0.9955869999999999,0.9245471237114893,0.9939299658060416,0.9257130123664785,323
0.4056498110294342,0.4844588339328766,0.768,0.7547528517110266,0.995861875,0.9220315459237519,0.9941941404144611,0.9259425111160191,324
0.4163024425506592,0.4733966588973999,0.762875,0.7395437262357415,0.9971998750000001,0.927221732278911,0.9960943604611583,0.9345030952796812,325
0.407121479511261,0.49192070960998535,0.763125,0.7452471482889734,0.9961598125000001,0.9265711518165651,0.9951135233279489,0.9376706397739147,326
0.40868300199508667,0.47705918550491333,0.75975,0.7414448669201521,0.9969161875,0.9247639838656044,0.9958568206467698,0.9209647621600253,327
0.41285109519958496,0.474470853805542,0.746625,0.7566539923954373,0.99584521875,0.9353901314172535,0.9943472378379022,0.9417891591174443,328
0.4097111225128174,0.4816255271434784,0.7555,0.7167300380228137,0.9963286250000001,0.9122150096141334,0.9952239427971317,0.9201750216368656,329
0.41112980246543884,0.46881768107414246,0.761875,0.7186311787072244,0.99551275,0.9186918995503766,0.9929163928140233,0.9271430823610314,330
0.40917760133743286,0.5235360860824585,0.75875,0.7642585551330798,0.9964544374999998,0.9398719079356359,0.9951204649411178,0.9483257628810766,331
0.40873193740844727,0.4834913909435272,0.758625,0.7566539923954373,0.9953234375000001,0.9280313435209414,0.9926062016698289,0.9290770379108856,332
0.4138246476650238,0.4844132959842682,0.76,0.7965779467680608,0.9964825625,0.9461463950613714,0.9941409750369121,0.9519176728957973,333
0.4085848033428192,0.48728930950164795,0.7525,0.7661596958174905,0.9965463749999999,0.9273807630585956,0.9947098216534742,0.9277947949241029,334
0.40624725818634033,0.47000929713249207,0.753375,0.7376425855513308,0.9957024375,0.9347106362676921,0.9934411050101568,0.9440695777792357,335
0.41475921869277954,0.5064969062805176,0.75825,0.7395437262357415,0.99586065625,0.9292168456967717,0.9943392301316485,0.9395367460276187,336
0.40908101201057434,0.495620995759964,0.75425,0.7376425855513308,0.9963047812500001,0.9164510112911852,0.9942123799872894,0.9177181464878186,337
0.41040343046188354,0.48955634236335754,0.752125,0.7433460076045627,0.9965370625000001,0.9342335439286386,0.9956742014837537,0.9421882082671209,338
0.40892133116722107,0.469723641872406,0.755625,0.7490494296577946,0.9961768750000001,0.9194147667307608,0.9950944598142217,0.9159552712457152,339
0.4026024341583252,0.49877840280532837,0.76025,0.7414448669201521,0.9973043125000001,0.9251832468302273,0.9963215502101672,0.9344140358816354,340
0.4115567207336426,0.5007981061935425,0.7545,0.7414448669201521,0.9972806875000001,0.9203544940652604,0.9966060043595786,0.9274383129734809,341
0.4041328728199005,0.48220914602279663,0.762375,0.7129277566539924,0.9950456249999999,0.9039309517269296,0.9923738647890122,0.8950573123037854,342
0.4058672785758972,0.4894561767578125,0.759875,0.7566539923954373,0.99641725,0.923592939033382,0.9952594083209253,0.9157878318433994,343
0.408482164144516,0.4788680970668793,0.762375,0.7604562737642585,0.99575525,0.9269759574375804,0.9933457268856782,0.921220942289017,344
0.40823566913604736,0.492167592048645,0.757625,0.7395437262357415,0.99621221875,0.9201231765675373,0.9927492726323266,0.921433149002322,345
0.4065709114074707,0.4714779555797577,0.75925,0.7832699619771863,0.9963821875,0.9339443970564847,0.9941364840023356,0.9295614750647716,346
0.41281527280807495,0.4773891270160675,0.759,0.7566539923954373,0.9949729375,0.9315733927048244,0.992225713150405,0.9321181184729066,347
0.3992120027542114,0.5112800598144531,0.76625,0.7300380228136882,0.9965528124999999,0.9212074773381139,0.9946162839114336,0.9300614331883598,348
0.4050757586956024,0.46823230385780334,0.76525,0.7338403041825095,0.9963899374999999,0.9240411166852203,0.9948055018499757,0.9357324939636799,349
0.40646234154701233,0.48589667677879333,0.764,0.7395437262357415,0.9955832500000001,0.9204556954705142,0.9938616394942266,0.9271453355404717,350
0.4131529927253723,0.4772833287715912,0.76025,0.7338403041825095,0.9956751875000001,0.9197472856337376,0.9938848215010867,0.9288654788634745,351
0.40466275811195374,0.4899127781391144,0.756125,0.7604562737642585,0.9966305000000001,0.9227688704477439,0.9957335630425377,0.9131798759078811,352
0.40755248069763184,0.4547329545021057,0.763875,0.7186311787072244,0.9962375,0.9156269427055472,0.9940441925289085,0.9246924521669017,353
0.4069216847419739,0.49420005083084106,0.762375,0.7490494296577946,0.9965873125000001,0.9245760383987047,0.9941356082392374,0.9319334026631994,354
0.4033171832561493,0.4523560702800751,0.752625,0.7414448669201521,0.9953985624999999,0.9329902123783776,0.9932155394347826,0.9406590911466993,355
0.409993976354599,0.48012134432792664,0.769375,0.7167300380228137,0.996893625,0.9118969480547645,0.9957502705890862,0.9046828865233738,356
0.402427077293396,0.4750142991542816,0.7615,0.7623574144486692,0.9965255624999999,0.9340166837745233,0.9949628535413012,0.9370286764560515,357
0.3998122811317444,0.46189412474632263,0.758125,0.7395437262357415,0.9961757499999998,0.9262241755699808,0.9941810254439434,0.9342112913887454,358
0.4048422873020172,0.4780924618244171,0.75575,0.7129277566539924,0.9965477500000001,0.9026008761150226,0.9949216009825689,0.9086768479861175,359
0.4079878628253937,0.4937211573123932,0.756875,0.7281368821292775,0.9968657812499999,0.9247784412092123,0.9954785548181114,0.9356781646182738,360
0.40376001596450806,0.47817888855934143,0.759125,0.752851711026616,0.9966911562499999,0.9186485275195536,0.9935888766983351,0.9117431829065104,361
0.4060896635055542,0.484071284532547,0.756875,0.7414448669201521,0.9973861875000001,0.9226387543552748,0.9966200347159779,0.9145713911282767,362
0.4092862904071808,0.47300150990486145,0.7625,0.7395437262357415,0.9972225,0.9250531307377582,0.9959084403697382,0.9243946742970786,363
0.4110884368419647,0.5038158893585205,0.759,0.7224334600760456,0.9964290625000001,0.9113764836848878,0.9944257797506082,0.9213054153763613,364
0.4060407876968384,0.4822445809841156,0.76025,0.7623574144486692,0.9965664375000001,0.9361274559412454,0.9946757460644151,0.9355543009082516,365
0.4051811695098877,0.4996815621852875,0.762875,0.7566539923954373,0.9965213749999999,0.9290722722606948,0.9947036162800905,0.9364740772958231,366
0.41201701760292053,0.4922846853733063,0.761875,0.7224334600760456,0.995797125,0.9147016727146554,0.9935852311983491,0.9245146197633209,367
0.39879336953163147,0.47362110018730164,0.7585,0.7433460076045627,0.9957212500000002,0.9230146452890745,0.9924262514977775,0.9180214957478052,368
0.40237951278686523,0.4854665994644165,0.75925,0.785171102661597,0.9972305,0.9348262950165537,0.9953499033729456,0.9317599496281973,369
0.4101938307285309,0.4930998384952545,0.752375,0.7490494296577946,0.9969775000000002,0.9239399152799666,0.9951253323303448,0.9302645923809376,370
0.4031767249107361,0.4639362394809723,0.7575,0.7566539923954373,0.9970439687499999,0.9249519293325045,0.9960009874347782,0.9329165695798072,371
0.39983275532722473,0.4729975759983063,0.766125,0.7718631178707225,0.9969143125,0.9384695456056905,0.9955889011999303,0.9407895412391222,372
0.40757620334625244,0.44723019003868103,0.755875,0.7395437262357415,0.9978678125,0.9360551692232069,0.9970608437137275,0.9488432859763355,373
0.39997243881225586,0.4876597225666046,0.7585,0.7395437262357415,0.9973509374999998,0.928421691798349,0.996199541580224,0.9369815129530729,374
0.4043652415275574,0.49114951491355896,0.758375,0.7756653992395437,0.9970236875,0.9337709089331927,0.9955021460999703,0.9404833987465173,375
0.4096347689628601,0.5111990571022034,0.759625,0.7300380228136882,0.9977233124999999,0.9197906576645607,0.9969634007383688,0.9298317094062529,376
0.40841495990753174,0.49513956904411316,0.760625,0.7585551330798479,0.9976155624999999,0.9355347048533302,0.9964569808365614,0.9431617582571502,377
0.40421926975250244,0.4984283447265625,0.753375,0.7547528517110266,0.9972660312499999,0.9269036707195422,0.9948128925308262,0.9361131870267134,378
0.40604084730148315,0.4829714894294739,0.758125,0.7357414448669202,0.9970588124999998,0.9295349072561409,0.9955987558142796,0.9415671914189633,379
0.40850165486335754,0.4893631339073181,0.75225,0.7224334600760456,0.996907375,0.926628981190996,0.9958101163946895,0.933437733747515,380
0.4024789035320282,0.5005692839622498,0.754375,0.7490494296577946,0.9960211250000001,0.9351154418887074,0.9943691491978267,0.9464102922929614,381
0.4072365164756775,0.47774019837379456,0.758625,0.7395437262357415,0.99578784375,0.9324408333212856,0.9925920980512238,0.9405095310781195,382
0.4049765467643738,0.48781612515449524,0.761375,0.7129277566539924,0.9972113124999998,0.9098006332316502,0.995405886289147,0.9175687071255345,383
0.40835922956466675,0.5003542900085449,0.75675,0.7414448669201521,0.9966502499999998,0.9309372695860862,0.9934197794608622,0.940542729191427,384
0.39995914697647095,0.4896394908428192,0.751375,0.7224334600760456,0.9966332499999998,0.9124318697682489,0.9951037636852165,0.9225976265812847,385
0.405739426612854,0.4916099011898041,0.76625,0.7129277566539924,0.9969870625,0.9256314244820657,0.9954222108190315,0.9364339155563406,386
0.4040263891220093,0.49189287424087524,0.756875,0.7490494296577946,0.9971117500000001,0.9298674261591174,0.9962837220801282,0.9286741551638245,387
0.40137022733688354,0.4846578538417816,0.755875,0.7319391634980988,0.9976393749999999,0.9353901314172535,0.9967499632231351,0.9452460394173843,388
0.411560595035553,0.4831515848636627,0.75875,0.7395437262357415,0.9972046874999999,0.930026456938802,0.9954236279417157,0.9373228654708343,389
0.40122732520103455,0.4741274118423462,0.75525,0.7547528517110266,0.9975233750000001,0.939452644971013,0.9967506749147168,0.9437536190385708,390
0.4090122580528259,0.485630601644516,0.759875,0.7490494296577946,0.99685271875,0.9279445994592954,0.9954911568109618,0.934325616564802,391
0.39767393469810486,0.4837343990802765,0.75925,0.752851711026616,0.99660125,0.9248218132400353,0.9950590352258547,0.9298029750093922,392
0.3980034589767456,0.4979466497898102,0.7665,0.7395437262357415,0.9966610624999999,0.9200798045367143,0.9949177486959353,0.913296334523101,393
0.4070703685283661,0.4752534329891205,0.75175,0.6996197718631179,0.9965906250000002,0.9171738784715696,0.9954970396693533,0.9306057321183545,394
0.401028037071228,0.4259484112262726,0.757875,0.747148288973384,0.9976489374999999,0.9418236493226735,0.9963339918837224,0.9509058349707189,395
0.4048576354980469,0.48426541686058044,0.753875,0.7091254752851711,0.9972365000000001,0.9192701932946841,0.9954398595056543,0.9283920151313523,396
0.4010007381439209,0.4843929708003998,0.76275,0.7414448669201521,0.996648875,0.922262863421475,0.9946671181226416,0.9322857479993083,397
0.4086916446685791,0.4841540455818176,0.761,0.7300380228136882,0.9967065937499999,0.9313420752071015,0.9933381845564346,0.942195494422493,398
0.4020240306854248,0.4697366952896118,0.758625,0.7547528517110266,0.996000375,0.9258049126053578,0.994226645715147,0.925358434571666,399
0.40063321590423584,0.4894784390926361,0.763,0.7281368821292775,0.996768125,0.9331058711272392,0.9939854186998336,0.9396118210719582,400
0.40297043323516846,0.45345228910446167,0.762625,0.7395437262357415,0.9964885625,0.9296650233486099,0.9944134298058334,0.9372864772737388,401
0.4034590423107147,0.4866023361682892,0.759125,0.7680608365019012,0.9976145,0.931732423484509,0.9970184451063048,0.9343714640544218,402
0.39681658148765564,0.48194852471351624,0.765125,0.752851711026616,0.9974936562500001,0.9195159681360148,0.995579810217682,0.9172370672424487,403
0.40746721625328064,0.47675707936286926,0.76525,0.7319391634980988,0.9971029375,0.9138631467854095,0.9960685964308233,0.9202483742729579,404
0.40012115240097046,0.4806014597415924,0.75275,0.7414448669201521,0.9964740625,0.9319059116078011,0.9941321507102168,0.940805408650001,405
0.40346571803092957,0.4751609265804291,0.765625,0.7357414448669202,0.997199375,0.9229712732582516,0.9958421410752581,0.9271814032544894,406
0.41003528237342834,0.5062917470932007,0.757125,0.752851711026616,0.9971129999999999,0.9250531307377583,0.9959763505768064,0.9212134645479777,407
0.4121306240558624,0.4870757460594177,0.762625,0.7490494296577946,0.9965999375,0.9359539678179533,0.9942930739649027,0.9362571620296565,408
0.40208712220191956,0.47742292284965515,0.765125,0.7281368821292775,0.997228375,0.912012606803626,0.9951530152638866,0.9159178202377762,409
0.4019973576068878,0.46487537026405334,0.750625,0.7129277566539924,0.9976454374999999,0.9116222585262184,0.9965441294212513,0.9140092150530729,410
0.4097658395767212,0.47603222727775574,0.753,0.7319391634980988,0.9974133749999998,0.9260217727594733,0.996779146456642,0.9208101405299443,411
0.4074564576148987,0.477125346660614,0.75875,0.7224334600760456,0.99693875,0.9268024693142882,0.9959357499910861,0.9402852395389757,412
0.41058436036109924,0.465599000453949,0.748125,0.7376425855513308,0.998111,0.9301854877184866,0.9975054439441577,0.9402428410110344,413
0.40421369671821594,0.47491979598999023,0.758,0.7338403041825095,0.9974170625,0.9250531307377583,0.9960197255548329,0.9307299626422149,414
0.4118949770927429,0.48312458395957947,0.74775,0.7433460076045627,0.9971161250000001,0.9234628229409128,0.9958003775382984,0.9302625519214028,415
0.40016594529151917,0.4664561152458191,0.759375,0.7281368821292775,0.9979189374999998,0.9349708684526306,0.9971312410696473,0.9409097554283827,416
0.41100361943244934,0.4685724973678589,0.75625,0.7281368821292775,0.998277,0.9296650233486099,0.9975923377855035,0.9426921094234961,417
0.4045313000679016,0.4883870482444763,0.756125,0.7262357414448669,0.9967659999999999,0.9350142404834536,0.9953806280162449,0.9368724901238823,418
0.39819610118865967,0.49981689453125,0.754125,0.7376425855513308,0.9966818125,0.929520449912533,0.994744410043598,0.9391208098831106,419
0.40563809871673584,0.4686606824398041,0.75925,0.7585551330798479,0.9975374062499999,0.939496017001836,0.9966559434298063,0.9498741808537009,420
0.39353352785110474,0.49604570865631104,0.7575,0.7395437262357415,0.9976126875000001,0.9340022264309156,0.9960288945433585,0.9450428612038695,421
0.3998708724975586,0.47089171409606934,0.756625,0.7243346007604563,0.9976603125,0.9081814107475892,0.9958672643264372,0.9093690236382367,422
0.3993646204471588,0.47291454672813416,0.7555,0.7243346007604563,0.9973275,0.9214098801486216,0.9963621668655507,0.9309378950930726,423
0.3999793827533722,0.4777362048625946,0.7635,0.7224334600760456,0.997771125,0.9227399557605286,0.9965199695011714,0.9377916949657564,424
0.40281105041503906,0.46273940801620483,0.74775,0.7490494296577946,0.9961315624999999,0.9307926961500094,0.9934110656098027,0.9354726052407297,425
0.4008129835128784,0.47707319259643555,0.764,0.7433460076045627,0.9961690625,0.9260506874466885,0.9929647472907616,0.9249710786684325,426
0.4111340641975403,0.4839644730091095,0.7565,0.7338403041825095,0.9967174375,0.9266000665037806,0.9952747376331736,0.9347835544234472,427
0.4048289656639099,0.4622275233268738,0.76275,0.7262357414448669,0.9976586249999999,0.9147305874018707,0.9958537504942886,0.904197654138545,428
0.40348580479621887,0.47539910674095154,0.75925,0.7452471482889734,0.997543125,0.927453049776634,0.9961119486149557,0.9344275534912152,429
0.40879714488983154,0.47344663739204407,0.755875,0.7414448669201521,0.9961699375,0.9361708279720684,0.9930629743350359,0.9438026847635331,430
0.4066579043865204,0.4890916049480438,0.759375,0.7357414448669202,0.9979620625,0.9413610143272275,0.9972738493838483,0.9503725061398738,431
0.40338629484176636,0.5149279236793518,0.759875,0.7357414448669202,0.9966654375,0.928465063829172,0.9949184289645123,0.9360813747680364,432
0.39925652742385864,0.4845491647720337,0.75925,0.7243346007604563,0.9963181875,0.9290867296043025,0.9939190703244443,0.9355417577954025,433
0.4075428545475006,0.49001073837280273,0.755125,0.7832699619771863,0.9984633125,0.9455536439734563,0.9982537254281371,0.9522185325548724,434
0.40638241171836853,0.4735676348209381,0.757125,0.7110266159695817,0.9976366875,0.9178389162775231,0.9957489467945306,0.9315178380901226,435
0.4008965492248535,0.4812798500061035,0.76175,0.7452471482889734,0.9977444687500001,0.9314288192687475,0.9957175419743131,0.9397078563050183,436
0.4065929353237152,0.47898852825164795,0.75875,0.7224334600760456,0.997109625,0.9233327068484437,0.9951456787705388,0.9313517770084676,437
0.3987392485141754,0.49489733576774597,0.75725,0.7509505703422054,0.9971294374999998,0.940695976521274,0.9954305106844092,0.9469051247365605,438
0.4001350700855255,0.48438888788223267,0.758625,0.7452471482889734,0.9968424375,0.916508840665616,0.9955777228143105,0.9188362105749437,439
0.40276509523391724,0.45982420444488525,0.753,0.7490494296577946,0.9970190625,0.9343781173647154,0.9960139034366122,0.9354253027210027,440
0.3975878953933716,0.5100524425506592,0.760875,0.7490494296577946,0.99625425,0.9503679393948156,0.9929950814744503,0.9597990174254593,441
0.4072047173976898,0.47930091619491577,0.76225,0.7357414448669202,0.9977330624999999,0.9283927771111337,0.9965864724645939,0.9340123917975516,442
0.40083783864974976,0.4752142131328583,0.76275,0.7566539923954373,0.9970925937500001,0.9224363515447672,0.9945827485128697,0.92658256998262,443
0.39756685495376587,0.4724653661251068,0.764375,0.7300380228136882,0.9973770624999999,0.9235206523153435,0.9961826038535404,0.9167839767436722,444
0.40373319387435913,0.49361249804496765,0.759,0.747148288973384,0.9976253749999999,0.927366305714988,0.9965117941242194,0.9339070146875551,445
0.40272870659828186,0.4787237346172333,0.759875,0.7585551330798479,0.99563675,0.931732423484509,0.9919571616008879,0.9368668041549503,446
0.3936115503311157,0.4767512381076813,0.758375,0.7376425855513308,0.996667375,0.9381081120154983,0.9943149923912674,0.9458577320310851,447
0.39866793155670166,0.4776100516319275,0.7615,0.7338403041825095,0.99747109375,0.9368647804652372,0.9955883802958307,0.9444985302676719,448
0.4025019407272339,0.44975438714027405,0.757375,0.7452471482889734,0.9976506875000001,0.9323974612904625,0.9971785660759971,0.9335794116719783,449
0.40680405497550964,0.4758009910583496,0.76725,0.6920152091254753,0.9966084375,0.9218291431132444,0.994822393780314,0.9298879446309425,450
0.4000139534473419,0.4916422367095947,0.764125,0.7319391634980988,0.9969406249999999,0.935404588760861,0.9952677434624027,0.9443230685778305,451
0.39667680859565735,0.469245582818985,0.765625,0.7490494296577946,0.99735975,0.9375442756147986,0.9958721338164819,0.9400344284480906,452
0.4143570065498352,0.48960816860198975,0.76325,0.7319391634980988,0.99755871875,0.9247639838656044,0.9967760608082242,0.9337481490770926,453
0.3984698951244354,0.47749829292297363,0.764875,0.720532319391635,0.9981071875000002,0.9230146452890746,0.9976358621785877,0.9285921666112079,454
0.3969649076461792,0.47979825735092163,0.767875,0.7433460076045627,0.9979597500000001,0.9299541702207638,0.9972809857271874,0.9344071324606863,455
0.4007158875465393,0.4844062328338623,0.758,0.7547528517110266,0.9980563125000002,0.9291879310095564,0.9969529648013684,0.9416792773433679,456
0.39938655495643616,0.46803879737854004,0.75475,0.7870722433460076,0.9978503125,0.9453656985065565,0.9971658987090847,0.9544172609284942,457
0.4035954177379608,0.4556531310081482,0.764,0.7281368821292775,0.9969756249999999,0.9260073154158655,0.9955535569703649,0.9360985173865211,458
0.40016311407089233,0.49167174100875854,0.748,0.7357414448669202,0.997040625,0.9189087597044918,0.995668918288592,0.9246177638331834,459
0.4005945026874542,0.48419731855392456,0.75525,0.7243346007604563,0.9971487499999999,0.9215255388974829,0.9949099064692194,0.9335856377750628,460
0.4015142619609833,0.4833506941795349,0.76,0.7395437262357415,0.9966244375,0.9258771993233964,0.9945682793581974,0.9273127146582528,461
0.40101081132888794,0.48615899682044983,0.757625,0.7566539923954373,0.9970052812500001,0.9321516864491319,0.9952407587931508,0.9378951397775923,462
0.40202727913856506,0.48258939385414124,0.765375,0.7414448669201521,0.9976348749999998,0.9227833277913516,0.9952518875089688,0.9329962003485848,463
0.4005942940711975,0.4766886532306671,0.755125,0.747148288973384,0.9980191875000001,0.9326866081626162,0.9970897506496049,0.9403421439985027,464
0.40036576986312866,0.5000755190849304,0.757375,0.747148288973384,0.9972871875,0.9334673047174311,0.9962455822213864,0.9309906341309845,465
0.40388524532318115,0.4787290096282959,0.75825,0.7319391634980988,0.9979984999999999,0.9251254174557968,0.9968529547316201,0.940066750063546,466
0.3968297839164734,0.4737326204776764,0.76325,0.7414448669201521,0.9978015625,0.9229279012274284,0.9970504380573715,0.9191985454904461,467
0.40281984210014343,0.4728783071041107,0.759625,0.747148288973384,0.9980118749999999,0.9309517269296939,0.997455846025398,0.9400878457298583,468
0.40188121795654297,0.4887605309486389,0.762,0.7300380228136882,0.997372875,0.9255591377640272,0.9959991916090267,0.9341084809397537,469
0.401255339384079,0.47670018672943115,0.760125,0.7091254752851711,0.9980097500000001,0.9178389162775232,0.9966949929587724,0.9311717246058673,470
0.39738619327545166,0.49891769886016846,0.756,0.7604562737642585,0.99752075,0.9235784816897744,0.9965124299133348,0.933690979800355,471
0.400568425655365,0.4927290976047516,0.763875,0.7262357414448669,0.9967683125000001,0.9277566539923955,0.9940179446881535,0.931021342346543,472
0.4030260443687439,0.4753924012184143,0.7605,0.7376425855513308,0.9981511874999999,0.9321083144183088,0.9971145144646054,0.9406049489196707,473
0.3939169943332672,0.46674054861068726,0.7575,0.7357414448669202,0.997898,0.9258193699489656,0.9967849645899528,0.9365222909266163,474
0.40341877937316895,0.4952996075153351,0.759875,0.7376425855513308,0.996843625,0.9168413595685928,0.9947382631217554,0.9216152222794027,475
0.39696788787841797,0.4931309223175049,0.760875,0.7338403041825095,0.9979615625,0.9262675476008039,0.9972494361168618,0.9336771741872316,476
0.4066143333911896,0.48682504892349243,0.766875,0.7414448669201521,0.9970549375000001,0.9241423180904741,0.994515585742735,0.938582041437925,477
0.4039630889892578,0.48385778069496155,0.762125,0.7566539923954373,0.99839578125,0.9380647399846753,0.9980994430229939,0.9446159793604122,478
0.39841416478157043,0.5029375553131104,0.7585,0.7281368821292775,0.9971556874999999,0.9285807225780335,0.9954286103070438,0.9317482097349207,479
0.399044394493103,0.49152207374572754,0.76025,0.7414448669201521,0.9977248125,0.9226965837297055,0.9964623960761871,0.9239859267266985,480
0.4012005925178528,0.4795941114425659,0.758625,0.7490494296577946,0.998127,0.9136029146004713,0.9977653985171606,0.9088662452683625,481
0.39570924639701843,0.4770621359348297,0.753,0.7319391634980988,0.99806296875,0.9159739189521316,0.9961333523796032,0.9180623614842102,482
0.39633044600486755,0.46414557099342346,0.762,0.7319391634980988,0.9977127499999999,0.9272361896225189,0.9970748091721312,0.9264711481013624,483
0.390213280916214,0.4860365688800812,0.76575,0.7547528517110266,0.99841325,0.9317902528589398,0.9980477539044044,0.9433364935416112,484
0.3979014754295349,0.45346522331237793,0.7605,0.7509505703422054,0.9980133750000001,0.9279879714901184,0.9966959351197591,0.9393613073989596,485
0.3977997601032257,0.4745611250400543,0.759875,0.7281368821292775,0.9976199374999999,0.9315589353612167,0.9967217982890177,0.9410061513170366,486
0.40483731031417847,0.48912325501441956,0.756125,0.747148288973384,0.99794459375,0.9395827610634823,0.9972106712494879,0.9426234972796653,487
0.40219759941101074,0.4940144717693329,0.7595,0.7642585551330798,0.9974221875,0.9303734331853865,0.9960975513206209,0.9360405371468599,488
0.4014958441257477,0.48827317357063293,0.75925,0.7110266159695817,0.997545125,0.9218869724876751,0.9956745031630219,0.9325223862513682,489
0.4086308479309082,0.48891156911849976,0.757125,0.7357414448669202,0.997021625,0.930344518498171,0.9947952294447405,0.9342903701706645,490
0.3990774154663086,0.4958212971687317,0.758875,0.7319391634980988,0.9968199375,0.9189665890789227,0.9941206361298989,0.9287923831618874,491
0.4012497067451477,0.48155850172042847,0.764125,0.7509505703422054,0.9975201875,0.9343202879902847,0.995952393855459,0.9425306323770213,492
0.4000455141067505,0.467490017414093,0.76675,0.7490494296577946,0.997955625,0.9346672642368691,0.9974267385260601,0.9449704494091383,493
0.39351582527160645,0.4577477276325226,0.762,0.752851711026616,0.9975258124999999,0.9255302230768119,0.9961009566538405,0.9328885711927485,494
0.40149158239364624,0.46629568934440613,0.7585,0.7433460076045627,0.9981523750000001,0.9234339082536974,0.9973584487224542,0.9266436549054785,495
0.403039813041687,0.4877108931541443,0.760125,0.7224334600760456,0.9980686875000001,0.9242290621521202,0.9971516119932822,0.9368880042057306,496
0.3951222896575928,0.44518131017684937,0.76325,0.7490494296577946,0.997703,0.9214243374922293,0.9962255818524297,0.9229851589149212,497
0.3984067738056183,0.47777655720710754,0.765625,0.7357414448669202,0.9988827499999999,0.9219158871748905,0.9985376806087101,0.9187998860168715,498
0.399273157119751,0.4585620164871216,0.765875,0.7490494296577946,0.9983415000000001,0.9290289002298717,0.9978832606801589,0.934821887404572,499
0.3924376666545868,0.4772244393825531,0.76425,0.7452471482889734,0.9974020625000002,0.9241567754340817,0.9962214500377427,0.9309232551073803,500
